nama,alamat,deskripsi,kategori
PT. Propan Raya Industrial Coating Chemicals,Jl. Gatot Subroto KM. 8 Kel. Kadu Jaya Kec. Curug Kab. Tangerang,,Swasta Kecil
Trans News Corpora,"GEDUNG TRANSMEDIA LT. 3, JL KAPTEN TENDEAN KAV 12-14",,Swasta Kecil
Perusahaan Perseroan (Persero) Bank Negara Indonesia,Jl. Veteran no. 49,,Negeri
"PT. Saranacentral Bajatama, Tbk","Jl. Raya Tamelang, Kp. Karajan Ds. Mekarjaya RT.002 RW.001
Kec. Purwasari Kab. Karawang",,Swasta Kecil
Perusahaan Perseroan (Persero) PT. Hutama Karya,"HK TOWER JL.LETJEN MT. HARYONO KAV. 8, Desa/Kelurahan
Cipinang Cempedak, Kec. Jatinegara, Kota Adm. Jakarta Timur",,Swasta Kecil
Perusahaan Perseroan (Persero) Bank Negara Indonesia,Jalan Thayib RH No. 1 - 12,,Negeri
PT Jasa Marga (Persero) Tbk,PLAZA TOL TAMAN MINI INDONESIA INDAH,,Swasta Besar
Triconville Indonesia,"JL. RAYA TAHUNAN BATEALIT RT 026 RW 005, KELURAHAN BAWU, KECAMATAN BAWU
KABUPATEN JEPARA, JAWA TENGAH",,Negeri
Midi Utama Indonesia,GEDUNG ALFA TOWER LANTAI 12 JL JALUR SUTERA BARAT KAV. 7-9 ALAM SUTERA,,Swasta Kecil
Alfa Retailindo,"Gedung Transmart Cempaka Putih Lantai 3, Jalan Jenderal Ahmad Yani Nomor 83",,Swasta Kecil
Opu Barakati Jaya,"Jl. Nasrun Amrullah (Turikale Print) Kel. Pettuadae, Kec. Turikale, Kab. Maros, Sulawesi Selatan",,Swasta Kecil
Perusahaan Perseroan (Persero) Bank Negara Indonesia,Komplek Pertokoan Duta Merlin Blok A 1-2-3 Jl. Gajah Mada No. 3-5 Jakarta Pusat,,Negeri
Artha Karya Manunggal Jaya,JALAN BUKIT GADING RAYA KAVLING 1,,Swasta Kecil
Pembangunan Perumahan Nasional,JL. D.I. PANDJAITAN KAVLING 11,,Swasta Kecil
Techno Gis Indonesia,"Jalan Murai No 11, Besi",,Swasta Kecil
Netindo Solution Group,"Jl. Gatotkaca No. 405 Jurugentong, Banguntapan, Bantul",,Swasta Kecil
PT Nutrifood Indonesia (Head Office Jakarta),"Jalan Rawabali II No.3, Kawasan Industri Pulogadung, Jakarta Timur",,Swasta Besar
"PT. Bali Towerindo Sentra, Tbk.","Autograph Tower Lantai 77 Jl. MH Thamrin Plaza UOB No.10, RT.14/RW.20, Kb. Melati, Kecamatan Tanah Abang, Kota Jakarta Pusat, Daerah Khusus Ibukota Jakarta 10230",,Swasta Kecil
Mutuagung Lestari,"JALAN RAYA BOGOR KM 33,5 NOMOR 19",,Swasta Kecil
Perusahaan Perseroan (Persero) PT. Bank Tabungan Negara,"Gedung Menara BTN Jl Gajah Mada No, 1",,Swasta Besar
"Upt, Solo Technopark Kota",Jalan Ki Hajar Dewantara,,Swasta Kecil
Ok Oce Sosial Kemanusiaan,"Jl. Tebet Barat Dalam VII No.3, RT.9/RW.6, Tebet Bar., Kec. Tebet, Kota Jakarta Selatan, Daerah Khusus Ibukota Jakarta 12810",,Swasta Kecil
Perusahaan Perseroan (Persero) PT. Asuransi Kredit Indonesia,Graha Askrindo Jl. Angkasa Blok B-9 Kav. 8,,Swasta Besar
PT Aeon Indonesia,"Mal Ciputra Tangerang Lantai LG Unit B1
Jalan CitraRaya Boulevard Blok R. 01 A No. 01",,Swasta Besar
Perusahaan Perseroan (Persero) Bank Negara Indonesia,Jl RE Martadinata no 63-65 Sukabumi,,Negeri
Kolaborasi Ekosistem Masyarakat Indonesia,Jalan Cempaka Putih Barat III Nomor 17 B,,Swasta Kecil
Hacktivate Teknologi Indonesia,"Traveloka Campus (d/h Green Office Park 1) South Tower, Lantai 6, Zona 7 Jl. Grand Boulevard, BSD Green Office Park, BSD City Desa Sampora, Kecamatan Cisauk, Kabupaten Tangerang, Banten 15345",,Negeri
PT Kereta Api Indonesia (Persero),JL. PERINTIS KEMERDEKAAN NO. 1 BANDUNG,,Swasta Besar
Dapur Pandan Raya,Jalan Raya Serang KM.9,,Swasta Kecil
Prima Sejati Sejahtera,DUKUH BUTUH RT.01/RW.02,,Swasta Kecil
Perusahaan Perseroan (Persero) Bank Negara Indonesia,"Jl. Dr. Mansyur, No. 11",,Negeri
Perusahaan Perseroan (Persero) Bank Negara Indonesia,Jl. asia afrika no 119,,Negeri
Perusahaan Perseroan (Persero) Bank Negara Indonesia,JL. Sutoyo S No. 11 Sampit,,Negeri
One-Ject Indonesia,Jalan Anggrek VII Kav 41 Kawasan Industri Terpadu Indonesia China (KITIC),,Swasta Kecil
Feducation Mitra Mediatama,"Golden Office Durian Jl. Durian No.139, RT.4/RW.4, Jagakarsa, Kec. Jagakarsa, Kota Jakarta Selatan, Daerah Khusus Ibukota Jakarta 12620",,Swasta Kecil
PT Surveyor Indonesia,Jl. Jendral Gatot Subroto Kav. 56,,Swasta Besar
Jelajah Data Semesta,Ruko Mega Grosir Cempaka Mas Blok A/29,,Swasta Kecil
Perusahaan Perseroan (Persero) Bank Negara Indonesia,"Rukan Exclusive Mediterania Blok C No 06-07 Kamal Muara,Penjaringan, Jakarta Utara",,Negeri
PT Aeon Indonesia,"Gedung DP Mall Semarang, Lt. Lower Ground-01, Jl. Pemuda No. 150",,Swasta Besar
Surya Citra Televisi,Gedung SCTV Tower Senayan City Jalan Asia Afrika Lot 19,,Swasta Kecil
Feducation Digital Indonesia,"18 Office Park Building, 21th Floor Unit C, Jalan TB Simatupang No.18",,Swasta Kecil
Trans Digital Media,"GEDUNG TRANS MEDIA LANTAI 8-9, JALAN KAPTEN PIERRE TENDEAN KAVLING 12-14A",,Swasta Kecil
PT Ramayana Lestari Sentosa,Jl diponegoro no 103 kelurahan daun purih denpasar barat,,Swasta Kecil
Sekarnusa Kreasi Indonesia,"JL. Raya Solo-Boyolali Km 14,7, Batan, Banyudono, Boyolali",,Swasta Kecil
Bionic Natura,"JL. RAYA GATOT SUBROTO KM. 8, KADU JAYA, TANGERANG",,Swasta Kecil
CV Grand Sehat,"Jalan Sei Batanghari No.15B
Kel : Sei sikambing B
Kec : Medan Sunggal",,Swasta Kecil
Javan Cipta Solusi,PERUM SUKOHARJO INDAH J100,,Swasta Kecil
Perusahaan Perseroan (Persero) PT. Bank Mandiri,"Jl. Jenderal Gatot Subroto Kav.36-38, Kelurahan Senayan, Kecamatan Kebayoran Baru, Jakarta Selatan",,Swasta Besar
PT Sinar Rajawali,"Jl Rajawali Selatan Raya no 1-B Gunung Sahari Utara, Kelurahan Gunung Sahari Utara, Kecamatan Sawah Besar, Jakarta Pusat",,Swasta Kecil
PT Kapuas Cemerlang Maju,Jl Industri Raya no 8 Gunung Sahari Jakarta Pusat,,Swasta Besar
Lpp Agro Nusantara,JL. URIP SUMOHARJO 100,,Swasta Kecil
Karya Mitra Pratama,"JL Manggis Nomor 6, Gempol , Condong Catur, Depok, Sleman, Yogyakarta",,Swasta Kecil
Perusahaan Perseroan (Persero) Bank Negara Indonesia,Jalan MT Haryono Nomor 10 - 12,,Negeri
Asosiasi Profesi Pendamping Entrepreneur Indonesia,Nglebeng,,Swasta Kecil
Perusahaan Perseroan (Persero) Bank Negara Indonesia,Jalan pemuda selatan No 49,,Negeri
Perusahaan Perseroan (Persero) Bank Negara Indonesia,Universitas Indonesia Depok,,Negeri
Anugerah Tangkas Transportindo,"Taman Palem Lestari Ruko Galaxy Blok O No. 1 RT/RW. 013/008 Kel. Cengkareng Barat, Kec. Cengkareng , Jakarta Barat.",,Swasta Kecil
Eduvokasi Solusi Negeri,"Shila At Sawangan, Cluster the Grove H-10",,Swasta Kecil
Elang Muda Tepi Barat,Jl. Lintas Sumatera KM 13,,Swasta Kecil
Perusahaan Perseroan (Persero) Bank Negara Indonesia,JL KENANGA NO.7 - 9,,Negeri
Perusahaan Perseroan (Persero) Bank Negara Indonesia,Jalan Yos Sudarso No 129,,Negeri
Perusahaan Perseroan (Persero) Bank Negara Indonesia,Jl. A.Yani No.01,,Negeri
Hayaa Investama Group,"Jln. Ir H Juanda Nomor 185. Simpang III Sipin, Kecamatan Kota Baru Kota Jambi, Jambi",,Swasta Kecil
PT. Buana Centra Swakarsa,"JL. RAYA MERAK KM.115, KEL. RAWAARUM, KEC. GEROGOL",,Swasta Kecil
PT. Bank Negara Indonesia (Persero) Tbk Kantor Cabang Sungai Penuh,Jl. A Yani No. 16 Kel. Pasar Sungai Penuh Kec. Sungai Penuh Kota Sungai Penuh Provinsi Jambi,,Negeri
PT Aeon Indonesia,"Mall @ Alam Sutera, Jl. Jalur Sutera Barat, Kav 16, Kel. Panunggangan Timur, Kec. Pinang, Kota Tangerang, 15413, Banten.",,Swasta Besar
Rangkayo Basa,JL.HANG TUAH NO.211,,Swasta Kecil
Perusahaan Perseroan (Persero) Bank Negara Indonesia,Jl. Lada No.1,,Negeri
CV. Rumah Mesin,"Jl. Parangtritis No.Km 5, RW.6, Tarudan, Bangunharjo, Kec. Sewon, Kabupaten Bantul, Daerah Istimewa Yogyakarta",,Negeri
Selaras Inti Semesta,"Gedung Kyai Maja 4 Basement, Jalan Kyai Maja No. 4",,Swasta Kecil
Binatara Persada,Jalan Siliwangi,,Swasta Kecil
Perusahaan Perseroan (Persero) Bank Negara Indonesia,Jl Yos Sudarso No. 3,,Negeri
Klick Digital,JL AFFANDI NO 1 MRICAN,,Swasta Kecil
Sharp Electronics Indonesia,Jl. Soekarno-Hatta KM. 4 Way Gubak,,Swasta Kecil
Digital Karya Nusantara,JALAN PERUMNAS NOMOR 236,,Swasta Kecil
Polychem Indonesia,"Gedung Wisma 46 Kota BNI Lt. 20, Jl. Jend. Sudirman Kav 1",,Swasta Kecil
Perusahaan Perseroan (Persero) Bank Negara Indonesia,"JL. Malahasa No.1 Kelurahan Soataloara II, Kecamatan Tahuna, Kabupaten Kepulauan Sangihe, Sulawesi Utara",,Negeri
Perusahaan Perseroan (Persero) Bank Negara Indonesia,Jl. Imam Bonjol No. 10,,Negeri
Bhineka Rahsa Nusantara,"Jalan Cisitu Indah VI D8 - D9, Kampung Padi, Kota Bandung",,Swasta Kecil
Perusahaan Perseroan (Persero) Bank Negara Indonesia,Jl. Teuku Umar No. 630 Tanjung Pinang,,Negeri
Perusahaan Perseroan (Persero) PT. Telekomunikasi Indonesia,"Jl. Raya Puputan Renon, No. 25, Renon, Denpasar Selatan",,Swasta Besar
Siap Cetak Inspiration,Jalan Majapahit No.59 RT.08 Sunten,,Swasta Kecil
"PT. Bank Cimb Niaga, Tbk","JL. BINTARO UTAMA BLOK E 15-16 BINTARO JAYA SEKTOR I, KEL. BINTARO, KEC. PESANGGRAHAN, JAKARTA SELATAN.",,Swasta Besar
Perusahaan Perseroan (Persero) Bank Negara Indonesia,Jl Raya Puputan No 27,,Negeri
Perusahaan Perseroan (Persero) Bank Negara Indonesia,Jalan Raya Tomohon,,Negeri
Perusahaan Perseroan (Persero) Bank Negara Indonesia,Jl. Samping Stasiun No.1,,Negeri
Dharma Polimetal,"Delta Silicon I, Jl. Angsana Raya Blok A9 no. 8, Kawasan Industri Lippo Cikarang",,Swasta Kecil
Dua Empat Tujuh,"Jl. Cantel GK.IV/352 RT 53 RW 14 Baciro, Gondokusuman, Yogyakarta",,Swasta Kecil
Sinar Nusantara Industries,JL. A. YANI KM. 31 DESA LIANG ANGGANG KECAMATAN BATI BATI KABUPATEN TANAH LAUT PROVINSI KALIMANTAN SELATAN,,Negeri
Telkom Satelit Indonesia,"Telkom Landmark Tower 2, Lantai 21, Jl Jenderal Gatot Subroto Kaveling 52",,Swasta Kecil
Shelter Indonesia Gemilang,Jalan Semampir Selatan V A Nomor 18,,Swasta Kecil
Perusahaan Perseroan (Persero) Bank Negara Indonesia,Jl. P.Sebatik No.1 Samarinda,,Negeri
Pancaprima Ekabrothers,JL. RAYA SILIWANGI 178A KELURAHAN ALAM JAYA -  KEC. JATI UWUNG - KOTA TANGERANG,,Swasta Kecil
Perusahaan Perseroan (Persero) Bank Negara Indonesia,Jl Merdeka No 45,,Negeri
Qia Solution,"JL. MUSTIKA NO 18, JATINEGARA, JAKARTA TIMUR",,Swasta Kecil
Perusahaan Perseroan (Persero) Bank Negara Indonesia,Jl. Jend Sudirman No.58,,Negeri
Aarya Kinari Tirta,"COMMERCIAL PARK CBD BSD LOT VIII NO. 3,",,Swasta Kecil
Perusahaan Perseroan (Persero) Bank Negara Indonesia,Jl. Pahlawan Revolusi no. 12,,Negeri
PT Aeon Indonesia,"AEON Store Deltamas. Jl. Ganesha Boulevard, Desa/Kelurahan Hegarmukti, Kec.Cikarang Pusat, Kab. Bekasi,Provinsi Jawa Barat, Kode Pos: 17531",,Negeri
PT. Bank Negara Indonesia (Persero) Tbk. Kantor Cabang Parepare,JL. VETERAN NO. 41 PAREPARE,,Negeri
PT Mandom Indonesia Tbk-Head Office,"WISMA 46 KOTA BNI, Suite 7.01, 7th Floor
JALAN JENDRAL SUDIRMAN KAV.1, JAKARTA.10220",,Swasta Besar
Mahkota Mas Pratama,DESA SAWAHAN RT.06 RW.01 SAWAHAN NGEMPLAK BOYOLALI,,Swasta Kecil
Tekadkan Mimpi Indonesia,"Blok G No 16, Palm Asri 2, Pedagangan, Kec. Dukuhwaru Kab. Tegal. 52451",,Swasta Kecil
Indo Trans Teknologi,"Menara 165, 6th Floor
Jl. TB Simatupang Kav 1. Cilandak",,Swasta Kecil
Nayaka Pratama,"KOMPLEK RUKAN TAMAN PONDOK KELAPA, BLOK F NO. 1, JL. RAYA PONDOK KELAPA",,Swasta Kecil
Reksa Madani,JL. DEWI SARTIKA NO. 290,,Swasta Kecil
PT. Sanken Argadwija,Jl. Veteran Desa Cukanggalih Kecamatan Cukanggalih Kabupaten Tangerang Propinsi Banten,,Negeri
Bni Kantor Cabang Bengkulu38,Jl S Parman No 34 Bengkulu,,Swasta Kecil
Global Digital Niaga,"Gedung Sarana Jaya, Jalan Budi Kemuliaan I Nomor 1",,Swasta Kecil
Ramayana Lestari Sentosa,"Ramayana Bontang, Jl. Mulawarman RT. 16 Kel. Bontang Baru, Kec. Bontang Utara,",,Swasta Kecil
Ramayana Lestari Sentosa,"JALAN LET. JEND SUTOYO, WARU, KAB. SIDOARJO",,Swasta Kecil
Mata Raung Indonesia,Jalan H. Arifin,,Swasta Kecil
Adhi Commuter Properti,"Jl. Iskandarsyah Raya No.65, Melawai, Kec. Kby. Baru, Kota Jakarta Selatan, Daerah Khusus Ibukota Jakarta 12160",,Swasta Kecil
Alfath Corp Indonesia,Jalan Mertojoyo Selatan Blok C-4 No. 1,,Swasta Kecil
Wisma Nusantara International (Pullman Jakarta Indonesia),Jl. M.H. Thamrin No.59 Jakarta Pusat,,Swasta Kecil
Perusahaan Perseroan (Persero) Bank Negara Indonesia,Jl. Sultan Ageng Tirtayasa No.25 Cilegon Banten,,Negeri
Bangun Kelola Swadaya,"Komplek Ruko Cipulir Mas Blok A No. 2 dan No. 3, Jl. Ciledug Raya No. 18,",,Swasta Kecil
Astra Juoku Indonesia,"KAWASAN INDUSTRI MITRA KARAWANG, JL. MITRA TIMUR II BLLOK D. NO.4,5,6,51,52,53",,Swasta Kecil
PT Bank Negara Indonesia (Persero) Tbk Kantor Cabang Surakarta,Jl Arifin No 2 Surakarta,,Negeri
PT Trans Retail Indonesia,"Jl. Jenderal Ahmad Yani No.83, RT.10/RW.7, Cemp. Putih Tim., Kec. Cemp. Putih, Kota Jakarta Pusat, Daerah Khusus Ibukota Jakarta 10510",,Swasta Besar
Perusahaan Perseroan (Persero) PT. Len Industri,JL. SOEKARNO  HATTA  NO. 442,,Swasta Besar
Perusahaan Perseroan (Persero) Bank Negara Indonesia,Jl. Veteran No. 31,,Negeri
Perusahaan Perseroan (Persero) Bank Negara Indonesia,Jl. DR. Sam Ratulangi Caile Ujung Bulu Kabupaten Bulukumba,,Negeri
Unit Pelaksana Teknis Balai Yasa Yogyakarta,Jl. Koesbini No. 1 Yogyakarta,,Swasta Kecil
Perusahaan Perseroan (Persero) Bank Negara Indonesia,Jl. Daan Mogot No 234 Jakarta Barat,,Negeri
Perusahaan Perseroan (Persero) PT Agrinas Pangan Nusantara,"JL. D.I. PANJAITAN KAV. 8, RT.004, RW.011",,Swasta Kecil
Perusahaan Perseroan (Persero) Bank Negara Indonesia,Jl dr sam ratulangi no 50-52,,Negeri
Afbe Cahaya Kreatif,"Jalan Raya Blimbing Nomor 64, Desa/Kelurahan Blimbing, Kec. Gudo,
Kab. Jombang, Provinsi Jawa Timur",,Negeri
Perusahaan Perseroan (Persero) Bank Negara Indonesia,Jl. Ahmad Yani Nomor 233,,Negeri
Consulindo Inti Prima,Jl. Nusa Indah Raya No. 51,,Swasta Kecil
Mahakarya Maritim Indonesia,"Griya d'Ros, Jalan Tebet Utara Dalam Nomor 34,	Desa/Kelurahan Tebet Timur,	Kec.	Tebet, Kota Adm. Jakarta	Selatan, Provinsi DKI Jakarta, Kode Pos: 12820",,Negeri
PERUSAHAAN PERSEROAN (PERSERO) PT. PELAYARAN NASIONAL INDONESIA,"Jl. Gajah Mada No.14, RT.6/RW.2, Petojo Utara, Kecamatan Gambir, Kota Jakarta Pusat, Daerah Khusus Ibukota Jakarta",,Swasta Besar
Techno Kreatif Solusindo,JL. YUSUF ARIF NO. 21,,Swasta Kecil
Suri Nusantara Jaya,GRAHA KOMANDO LT. 3JL. CIPINANG INDAH RAYA NO. 1,,Swasta Kecil
Perusahaan Perseroan (Persero) Bank Negara Indonesia,Jl. Perintis Kemerdekaan No. 3 / Jl. Babakan Ciamis,,Negeri
Perusahaan Perseroan (Persero) Bank Negara Indonesia,JL. HOS COKROAMINOTO NO. 74,,Negeri
PT Git Solution,"Grha Universitas AMIKO gd.1 lt.2, Jl. Ringroad Utara, Condongcatur, Depok, Sleman, Yogyakarta",,Swasta Kecil
Konsulta Semen Gresik,Jl. Wachid Blok D No. 1-3 Perumahan Tubanan,,Swasta Kecil
Perusahaan Perseroan (Persero) Bank Negara Indonesia,Jl. Soekarno - Hatta No.86,,Negeri
Hotel Sahid Jaya International,"JL. JEND. SUDIRMAN KAV.86, KARET TENGSIN, TANAH ABANG",,Swasta Kecil
Perusahaan Perseroan (Persero) PT. Telekomunikasi Indonesia,Gatot Soebroto Kav 52,,Swasta Besar
Jvckenwood Electronics Indonesia,"Jl. Surya Lestari Kav. I-16B, Suryacipta City of Industry, Desa Kutamekar, Kec. Ciampel,
Kab. Karawang, Provinsi Jawa Barat Kode Pos 41363",,Negeri
Dua Ribu Satu Pangripta,Jl. Purnawarman No. 45,,Swasta Kecil
Sri Indah Bangun Perkasa,JL.PENUIN BLOK AA/01,,Swasta Kecil
"PT. Bank Mega, Tbk","Menara Bank Mega Jl Kapten P Tendean No 12-14A,Kel. mampang prapatan, kec mampang prapatan, Kota Adm Jakarta Selatan, DKI Jakarta",,Swasta Besar
PT. Millennium Sirih Jakarta Hotel,Jl. Fachrudin No. 3 Jakarta Pusat,,Swasta Kecil
Pertamina Hulu Energi,JL. TB. SIMATUPANG KAV. 99,,Swasta Kecil
Pertamina Geothermal Energy,"GRHA PERTAMINA - TOWER PERTAMAX LANTAI 7, JL. MERDEKA TIMUR NO 11-13. GAMBIR, JAKARTA",,Swasta Kecil
Ara Medica Utama,"Jl. Pahlawan, Kp. Baru.",,Swasta Kecil
Dana Purna Investama,JL.Tanah Abang I No. 27 A Jakarta Pusat,,Swasta Kecil
PERUSAHAAN PERSEROAN (PERSERO) PT PELABUHAN INDONESIA DISINGKAT PT PELABUHAN INDONESIA (PERSERO),JL. Raya Yos Sudarso No.9,,Swasta Besar
PT Aeon Indonesia,JL. TANJUNG BARAT RAYA NO. 163 RT 012 RW 004 TANJUNG BARAT JAGAKARSA KOTA ADM JAKARTA SELATAN DKI JAKARTA,,Swasta Besar
Upaya Sarana Kosala,"JL. HR.RASUNA SAID KAV.C-21, KARET KUNINGAN",,Swasta Kecil
Panasonic Gobel Life Solutions Sales Indonesia,"GEDUNG SUMMITMAS I LT.8, JL. JEND. SUDIRMAN KAV.61-62",,Swasta Kecil
Perusahaan Perseroan (Persero) Bank Negara Indonesia,Jl Menteng Raya no 76,,Negeri
Mustika Ratu,"GRAHA MUSTIKA RATU, JL. GATOT SUBROTO KAV.74-75",,Swasta Kecil
Perusahaan Perseroan (Persero) Bank Negara Indonesia,Jalan Jendral Sudirman No 132,,Negeri
Mitra Pengusaha Indonesia,Ruko Semarang Indah Blok C8 No 25 & 25a,,Swasta Kecil
Perusahaan Perseroan (Persero) Bank Negara Indonesia,"Jl. Ir. H. Djuanda No. 52, Kelurahan Paledang, Kecamatan Bogor Tengah, Kota Bogor",,Negeri
PT. Wisata Surya Timur,"Jl. Manggis No. 88, Libuo, Dungingi, Gorontalo",,Swasta Kecil
Perusahaan Perseroan (Persero) Bank Negara Indonesia,Jl. Gereja No. 20 Tanjung Balai Asahan,,Negeri
PT Aeon Indonesia,"Pakuwon Mall Bekasi
Jl. Ahmad Yani, RT. 001 RW. 002",,Swasta Besar
Semen Padang,"JL. RAYA INDARUNG, LUBUK KILANGAN - INDARUNG, PADANG",,Swasta Kecil
Sinergi Impact Indonesia,THE BELLEZA SHOPPING ARCADE UNIT SA 19-20. JL. ARTERI PERMATA HIJAU NO. 34,,Swasta Kecil
PT Global Sukses Solusi Tbk,JL.  PAKUNINGRATAN NO.15,,Swasta Kecil
Perusahaan Perseroan (Persero) Bank Negara Indonesia,Jl. Pecenongan Raya No.52,,Negeri
Perkebunan Nusantara I,"Gedung Agro Plaza, Jalan HR. Rasuna Said Kavling X2 Nomor 1, Rukun Tetangga (RT) 007, Rukun Warga (RW) 004, Kelurahan Kuningan Timur, Kecamatan Setiabudi, Kota Jakarta Selatan, Provinsi Daerah Khusus Ibukota (DKI) Jakarta, 12950",,Negeri
Perusahaan Perseroan (Persero) Bank Negara Indonesia,Jl. Otto Iskandardinata No 11,,Negeri
Lembaga Kursus Dan Pelatihan Bintang,Jalan Raya Karangreja No. 2 RT 004 RW 002 Desa Karangreja Kecamatan Karangreja Kabupaten Purbalingga Jawa Tengah 53357,,Negeri
Perusahaan Perseroan (Persero) Bank Negara Indonesia,Jalan Jendral Sudirman No. 119 Pekanbaru,,Negeri
Perusahaan Perseroan (Persero) Bank Negara Indonesia,JL Panglima Sudirman No 43,,Negeri
Perusahaan Perseroan (Persero) Bank Negara Indonesia,Jalan Pejompongan Raya No. 7,,Negeri
Perusahaan Perseroan (Persero) Bank Negara Indonesia,"Jln. Jenderal Sudirman, Kav 1",,Negeri
Kebun Bumi Lestari,JL. CINDE BARAT NO. 13,,Swasta Kecil
PT. Sarana Tirta Abadi,jl. Taman arjuna I no 7,,Swasta Kecil
Mitra Talenta Grup,"THE MANHATTAN SQUARE BUILDING MID TOWER LANTAI 12 UNIT C-F, JALAN TB. SIMATUPANG KAV. 1S",,Swasta Kecil
Perusahaan Perseroan (Persero) PT Biro Klasifikasi Indonesia,Jalan Yos Sudarso Nomor 38-40,,Swasta Besar
Puri Laju Abba,JL.IR.SUTAMI III,,Swasta Kecil
Natural Aceh Corp,JL TGK ADEE II NO. 8,,Swasta Kecil
Kolaborasi Edukasi Nusantara,Jl. Aditiawarman II No.3,,Swasta Kecil
Perusahaan Perseroan (Persero) Bank Negara Indonesia,Jl. Perintis Kemerdekaan No. 15 Bukittinggi,,Negeri
Perusahaan Perseroan (Persero) Bank Negara Indonesia,Jl Jend. Sudirman,,Negeri
Karya Mandiri Citramina,"JL.CUMI RAYA NO.5 KAWASAN PELABUHAN PERIKANAN SAMUDERA NIZAM ZACHMAN, MUARA BARU KEL.PENJARINGAN",,Swasta Kecil
Perusahaan Perseroan (Persero) Bank Negara Indonesia,JL daan mogot no 2-4.,,Negeri
PT. Arnott's Indonesia,Jl.H.Wahab Affan No.8 (Raya Bekasi Km.28) Kel.Medan Satria Kec.Medan Satria Kota Bekasi,,Swasta Besar
Darma Nusantara Raya,Jl. Raya Serang Km.9,,Swasta Kecil
Perusahaan Perseroan (Persero) Bank Negara Indonesia,"Jl. RS. Fatmawati Blok 115 DIII, Cilandak, Jakarta Selatan 12430, Indonesia",,Negeri
Perusahaan Perseroan (Persero) Bank Negara Indonesia,Jl. Pemuda No. 12 Medan,,Negeri
Perusahaan Perseroan (Persero) Bank Negara Indonesia,Jl. A Yani Km 34 No. 21-23 Kelurahan kemuning Kecamatan Banjarbaru Selatan Kode Pos 70714 Provinsi Kalimantan Selatan,,Negeri
PT Anvita Pharma Indonesia,Karawang New Industry City Block B no. 8. Jl Trans Heksa KM.7,,Swasta Besar
Dunia Boga Indonesia,"RUKO NORTHRIDGE BUSINESS CENTER BLOK B1/08, JL. BSD RAYA UTAMA",,Swasta Kecil
PT Bni (Persero) Tbk Cabang Univ. Gajah Mada,JL PERSATUAN NO.1 BULAKSUMUR DEPOK SLEMAN YOGYAKARTA,,Swasta Kecil
PT Bni (Persero) Tbk Kantor Cabang Renon,"JL RAYA PUPUTAN RENON NO 27, DENPASAR",,Swasta Kecil
Perusahaan Perseroan (Persero) Bank Negara Indonesia,Jl. A. Yani No 286 Lt.1-2,,Negeri
Perusahaan Perseroan (Persero) Bank Negara Indonesia,Jl. Jend. Sudirman No.49,,Negeri
Siantar Codes Academy,JL PURWO HUTA III - PERUMAHAN GRAHA VITA KARANGSARI,,Swasta Kecil
Jaminan Produk Halal Indonesia,JALAN KUSUMANEGARA NOMOR 284 B,,Swasta Kecil
Perusahaan Perseroan (Persero) Bank Negara Indonesia,Jl. A. Yani No.30,,Negeri
Solusi Karya Nusantara,Jalan Ar-Rahman Kavling Ar-rahman No A2,,Swasta Kecil
Perusahaan Perseroan (Persero) Bank Negara Indonesia,Jl. Soeprapto No. 27,,Negeri
PT Solarion Energi Alam,"CNI Creative Centre (C3) Lantai 2, Jl. Puri Indah Raya No.1-3, RT.3/RW.2, Kembangan Sel., Kec. Kembangan, Kota Jakarta Barat, Daerah Khusus Ibukota Jakarta",,Swasta Kecil
PT. Homeware International Indonesia,"Jl. Prambanan-Piyungan KM 3,5 Bokoharjo, Prambanan, Sleman, Yogyakarta, 55572",,Swasta Besar
Perusahaan Perseroan (Persero) Bank Negara Indonesia,JL. Raya Laswi No. 215 Majalaya,,Negeri
Geolyra Energi Internasional,"THE MANHATTAN SQUARE BUILDING MID TOWER 12TH FLOOR
JL. T.B. SIMATUPANG KAV. 1-S",,Swasta Kecil
Arkadia Sinergi Indonesia,"Pondok Indah Office Tower 2, 15th Floor, Jalan Sultan Iskandar Muda Kavling V-TA",,Swasta Kecil
Altimeda Cipta Visitama,PURI DEPOK MAS BLOK N NOMOR 3,,Swasta Kecil
Bank Negara Indonesia Kebumen,"Jalan Pahlawan No. 140 Kebumen, Jawa Tengah",,Negeri
Perusahaan Perseroan (Persero) Bank Negara Indonesia,‎Jalan Pangeran Antasari No. 123 Kelurahan Raja Kecamatan Arut Selatan,,Negeri
PT. Sanbe Karyapersada,"Jl. Laksda Adisucipto No.38, Demangan, Gondokusuman, Yogyakarta",,Swasta Kecil
"PT. Bank Negara Indonesia (Persero) Tbk, Kantor Cabang Sorong",JALAN AHMAD YANI KLADEMAK 1 KOTA SORONG,,Negeri
Perusahaan Perseroan (Persero) Bank Negara Indonesia,Jl.Prabu Geusan Ulun No.113 Sumedang,,Negeri
Geo Desain Nusantara,"Jl. Murai No. 11, Besi",,Swasta Kecil
Indi Teknokreasi Internasional,"Jl. Pahlawan Revolusi No. 01 RT.006 RW.007, PONDOK BAMBU, DUREN SAWIT, JAKARTA TIMUR",,Swasta Kecil
Perkebunan Nusantara I,Kantor Direksi; Jl. Urip Sumoharjo No. 72-76 Km. 4,,Swasta Kecil
Perusahaan Perseroan (Persero) Bank Negara Indonesia,Jalan Ahmad Yani No 57,,Negeri
PT Bank Negara Indonesia (Persero) Tbk Kantor Cabang Tanjungkarang,JL JEND SUDIRMAN KAV 1 JAKARTA PUSAT RT/RW 010/011 KEL KARET TENGSIN KEC TANAH ABANG KOTA ADMINISTRASI JAKARTA PUSAT,,Negeri
Perusahaan Perseroan (Persero) Bank Negara Indonesia,"Jl. Jatinegara Timur No.67 11 RT.11/RW.3, Bali Mester Kecamatan Jatinegara, Kota Jakarta Timur, Daerah Khusus Ibukota Jakarta 13310, Indonesia",,Negeri
Karunia Agung Cemerlang,KOMPLEK PERGUDANGAN OSOWILANGUN PERMAI BLOK C-4,,Swasta Kecil
Perusahaan Perseroan (Persero) Bank Negara Indonesia,JALAN TERMINAL PASAR BARU,,Negeri
Multi Anugrah Sonata,Jl. Swaramahardika No. 883,,Swasta Kecil
PT. Tokai Rika Indonesia,"Jln. Selayar III Blok I-9, Kawasan Industri MM2100, Desa Telajung, Cikarang Barat, Bekasi",,Swasta Besar
Perusahaan Perseroan (Persero) Bank Negara Indonesia,Jl. Alun- Alun Timur  No.14 Jogoyudan Lumajang,,Negeri
Mandiri Maju Kelolatama,"JL.JEND.SUDIRMAN NO.1, MALL TANGERANG CITY, KEL.BABAKAN, KEC.TANGERANG, KOTA TANGERANG",,Swasta Kecil
Fatiha Sakti,Gedung Bina Sentra Bidakara Lantai 1 Unit 106 A Komplek Bidakara Kav 71-73 Jalan Jendral Gatot Subroto,,Swasta Kecil
Kapasitas Global Indonesia,Jalan Pramuka No.92 A,,Swasta Kecil
Perusahaan Perseroan (Persero) Bank Negara Indonesia,Jl Ngurah Rai No. 48 Singaraja,,Negeri
Perusahaan Perseroan (Persero) Bank Negara Indonesia,Jl Dr Sutomo No 32 Tebing Tinggi,,Negeri
Perusahaan Perseroan (Persero) Bank Negara Indonesia,Jl Raya Batulicin no 170,,Negeri
Perusahaan Perseroan (Persero) Bank Negara Indonesia,Jl Yos Sudarso No.033,,Negeri
Perusahaan Perseroan (Persero) Bank Negara Indonesia,JLN GAJAH MADA NO 87 KELURAHAN MADAWAT KECAMATAN ALOK KABUPATEN SIKKA MAUMERE NTT,,Negeri
PT. Toyo Denso Indonesia,"Kawasan Industri MM2100 Jl. Irian Blok KK12, Desa Jatiwangi, Keccamatan Cikarang Pusat, Kabupaten Bekasi",,Negeri
Sharp Electronics Indonesia,JL. HARAPAN RAYA LOT LL 1 & 2 KIIC SIRNABAYA - TELUK JAMBE TIMUR,,Swasta Kecil
PT Kharisma Pemasaran Bersama Nusantara,Jl. Cut Meutia No. 11 RT 13 RW 05 Cikini Menteng Jakarta Pusat 10330,,Swasta Kecil
Perusahaan Perseroan (Persero) Bank Negara Indonesia,Jl. Said Perintah no.12,,Negeri
Perusahaan Perseroan (Persero) Bank Negara Indonesia,Jl Ahmad Yani No.51,,Negeri
Puncak Mustika Bersama,,,Swasta Kecil
Subang,Jalan Otto Iskandardinata No. 11 Subang,,Swasta Kecil
Perusahaan Perseroan (Persero) Bank Negara Indonesia,Jl.Urip Sumoharjo No.125 A,,Negeri
Perusahaan Perseroan (Persero) Bank Negara Indonesia,JL. LAMBUNG MANGKURAT NO. 31 BANJARMASIN,,Negeri
PT Mib Global Grup,"Treasury Tower, 31st Floor, Jl. Jend. Sudirman Kav. 52-53",,Swasta Kecil
Perusahaan Perseroan (Persero) Bank Negara Indonesia,Jl. Jendral Sudirman No 1 Makassar,,Negeri
Perusahaan Perseroan (Persero) Bank Negara Indonesia,"JL. GUSTI HAMZAH NO 25
SAMBAS, KALIMANTAN BARAT",,Negeri
PT. Bank Negara Indonesia (Persero) Tbk . Kantor Cabang Mamuju,"Jl. Urip Sumoharjo No 125
Mamuju
Sulawesi Barat",,Negeri
Perusahaan Perseroan (Persero) Bank Negara Indonesia,Jl. KH. Wachid Hasyim No. 94 Kepanjen Jombang,,Negeri
Perusahaan Perseroan (Persero) Bank Negara Indonesia,Jl. Veteran No. 41,,Negeri
Perusahaan Perseroan (Persero) Bank Negara Indonesia,Jl. DR. Moh. Hatta No. 69,,Negeri
Bni Kantor Cabang Rengat,"Jl. Bupati Tulus No.17 B, Kel. Pasar Kota, Kec. Rengat, Kabupaten Indragiri Hulu, Provinsi Riau",,Negeri
PT Pertamina Power Indonesia,"Gedung Grha Pertamina, Tower Pertamax Lantai 12, Jl. Medan Merdeka Timur No. 11-13",,Swasta Besar
Perusahaan Perseroan (Persero) Bank Negara Indonesia,JLN. SUDIRMAN / JLN. M. BOYA,,Negeri
Expressindo System Network,"Taman Palem Lestari Ruko Galaxy Blok N No. 27 RT/RW. 013/008 Kel. Cengkareng Barat, Kec. Cengkareng , Jakarta Barat.",,Swasta Kecil
Perusahaan Perseroan (Persero) Bank Negara Indonesia,JL. Pemuda No.15A,,Negeri
Perusahaan Perseroan (Persero) Bank Negara Indonesia,Jl. A. Yani No. 60-62 Rantauprapat,,Negeri
Perusahaan Perseroan (Persero) Bank Negara Indonesia,Jl. Ahmad Yani No. 15 . kel marga jaya. kota bekasi,,Negeri
Nazea Teknologi Indonesia,Jl. Bandar Purus No. 43,,Swasta Kecil
Perusahaan Perseroan (Persero) Bank Negara Indonesia,Jln. Gatot Subroto No. 351 Denpasar,,Negeri
Nadesico Nickel Industry,"Gd. Noble House Lt.37, Mega Kuningan No 2 Jl. DR.Ide Anak Agung Gde Agung Blok Kav E4.2",,Swasta Kecil
Trans Grosir Indonesia,Jl. Kalimalang No. 889 Bilimun Blok Q,,Swasta Kecil
Kantor Cabang Daan Mogot,"jalan daan mogot raya no 234, kedoya, kebon jeruk jakarta barat",,Swasta Kecil
Katiga Ritel Strengindo,Green Lake City Rukan Cordoba Blok A No. 8-9,,Swasta Kecil
Rhenus Logistics Indonesia,"18 Office Park Tower A Level 10 Unit 10J, TB Simatupang Nomor 18",,Swasta Kecil
"PT. Bank Negara Indonesia (Persero) Tbk, Kantor Cabang Jayapura","Jl. Frans Kaisepo, Ruko Pasifik Permai, Jayapura Papua",,Negeri
Ramayana Lestari Sentosa,"Ciplaz Cipanas, Jalan Raya Cipanas, Desa Cipanas dan Desa Sindanglaya",,Swasta Kecil
PT Wisma Nusantara International,Jl. M.H. Thamrin No.59 Jakarta Pusat,,Swasta Besar
PT Perusahaan Perseroan (Persero) PT. Perkebunan Nusantara Iii,"Gedung Agro Plaza, Jalan HR. Rasuna Said Kavling X2 Nomor 1, Kelurahan Kuningan Timur, Kecamatan Setiabudi, Kota Jakarta Selatan, Provinsi Daerah Khusus Ibukota (DKI) Jakarta, 12950, Desa/Kelurahan Kuningan Timur, Kec. Setiabudi, Kota Adm. Jakarta Selatan, Provinsi DKI Jakarta",,Negeri
Perusahaan Perseroan (Persero) Bank Negara Indonesia,Jl. RA. Kartini No.51 Tanjung Karang Bandar Lampung,,Negeri
PT. Windu Nabatindo Lestari,Jl. Melawai Raya No. 10 Kebayoran Baru Jakarta,,Swasta Kecil
Inovasi Teknologi Kosmetika,ROYAL RESIDENCE CLUSTER HAREWOOD B9/38,,Swasta Kecil
Triputra Investindo Arya,"Menara Kadin Indonesia Lt.23
Jl. H.R. Rasuna Said Blok X-5 Kav.2-3",,Swasta Kecil
Perusahaan Perseroan (Persero) Bank Negara Indonesia,Jl. Tuparev 301,,Negeri
Sari Ater,Jl. Lemah Neundeut No. 7,,Swasta Kecil
Dharma Controlcable Indonesia,"Jl.Tekno Industri kawasan Industri Jababeka VIII No.1 Blok A3, Cikarang Kota, Kec. Cikarang Utara, Kabupaten Bekasi, Jawa Barat 17530",,Negeri
Perusahaan Perseroan (Persero) Bank Negara Indonesia,Jl. Letjen Suwarto No. 93,,Negeri
Perusahaan Perseroan (Persero) Bank Negara Indonesia,JL. SA MAULANA NO 19,,Negeri
Perusahaan Perseroan (Persero) Bank Negara Indonesia,JL. S. PARMAN KEL. PASAR BARU KEC. SIBOLGA KOTA,,Negeri
Hotel Mercure Padang,JL. PURUS IV NO. 8 PADANG,,Swasta Kecil
Perusahaan Perseroan (Persero) Bank Negara Indonesia,Jl. Kebon Sirih No.51-53,,Negeri
Perusahaan Perseroan (Persero) Bank Negara Indonesia,Jln.Kyai Maja No.75-76 RT.015/RW.003 Kelurahan Gunung Kecamatan Kebayoran Baru Jakarta Selatan,,Negeri
PT. Bank Negara Indonesia (Persero) Tbk. Kantor Cabang Jepara,Jl. Pemuda No.11 A Jepara,,Negeri
Mitra Integrasi Informatika,"APL Tower Lantai 37 Suite 1 - 8, JL. Letnan Jenderal Siswondo Parman Kaveling 28",,Swasta Kecil
PT Taman Resor Internet (Tamarin),"Jalan Hang Lekiu KM 2, Teluk Mata Ikan, Kelurahan Sambau, Kecamatan Nongsa.",,Swasta Kecil
Bni Kantor Cabang Senayan,Jl. Jend. Gatot Subroto Kav. 55 Jakarta Pusat,,Swasta Kecil
Perusahaan Perseroan (Persero) Bank Negara Indonesia,"Jl. M.T. Haryono No. 1 Pinaesaan, Kec. Wenang, Kota Manado, Sulawesi Utara",,Negeri
Perusahaan Perseroan (Persero) Bank Negara Indonesia,Jl. Sumatera No.33,,Negeri
Perusahaan Perseroan (Persero) Bank Negara Indonesia,Jl. Ahmad Yani Nom 18 Padang,,Negeri
Perusahaan Perseroan (Persero) Bank Negara Indonesia,JL. Pemuda No.15A Kebondalem Kab. Kendal,,Negeri
Gs Battery,"Jalan Surya Utama Kav. I.3,  Kawasan Industri Suryacipta",,Swasta Kecil
Ramayana Ciplaz Sidoarjo (Rb27),Jalan Diponegoro No 1-2 RW 05 Sidokumpul Kec Sidoarjo Jawa Timur,,Swasta Kecil
Perusahaan Perseroan (Persero) Bank Negara Indonesia,"Jl Boulevard Raya Blok LA. 6-7 No.1,2,3 Kelapa Gading Jakarta utara",,Negeri
Primus Pratama,"Alfa Tower 25 FloorJl. Jalur Sutera Barat Kav. 9 Alam SuteraTangerang 15143, Indonesia",,Swasta Kecil
PT. Gayawahana Inti,"Jl. Pangeran Jayakarta Kav. No.44, RT.7/RW.7, Mangga Dua Sel., Kecamatan Sawah Besar, Kota Jakarta Pusat, Daerah Khusus Ibukota Jakarta 10730",,Swasta Kecil
Perusahaan Perseroan (Persero) Bank Negara Indonesia,Jl. Padjonga Dg. Ngalle No. 59 B-C,,Negeri
Plymilindo Perdana,"JL. Raya Gajah Tunggal, Ds. Pasir Jaya, Kec. Jatiuwung, Kota Tangerang - Banten",,Swasta Kecil
PT. Be Best International,JL. INDUSTRI RAYA BLOK D NO. 3A,,Swasta Besar
Perusahaan Perseroan (Persero) Bank Negara Indonesia,jalan letnan muchtar saleh no. 194,,Negeri
Robutech,JL. SEMOLOWARU SELATAN 5/25,,Swasta Kecil
PT Polychem Indonesia Tbk Plant Merak,"Jl. Raya Bojonegara, Ds. Mangunreja Kecamatan Pulo Ampel Kabupaten Serang, Banten",,Negeri
Agro Boga Utama,"Gedung Palma Tower Lt. 15
Jl  RA Kartini II - S Kav. 06 Sektor II",,Swasta Kecil
Cahaya Subarashi Indonesia,JL. GARUDA SAKTI KM 1,,Swasta Kecil
PT. Bank Negara Indonesia (Persero) Tbk Kantor Cabang Sumedang,JL. Prabu Geusan Ulun No. 113 Sumedang,,Negeri
Perusahaan Perseroan (Persero) Bank Negara Indonesia,Jl. Diponegoro,,Negeri
Indonesia Nippon Seiki,Kawasan Industri Modern Cikande Blok E Desa Baengkok Kecamatan Kibin Kabupaten Serang,,Negeri
Gemilang Media Wisatama,"Jl. Magelang No.32-34, Cokrodiningratan, Kec. Jetis, Kota Yogyakarta, Daerah Istimewa Yogyakarta 55233",,Swasta Kecil
Perusahaan Perseroan (Persero) Bank Negara Indonesia,Jl Ahmad Yani,,Negeri
Perusahaan Perseroan (Persero) Bank Negara Indonesia,Jl. A. Yani No.32,,Negeri
Bio Farma (Persero),Jalan Pasteur No. 28,,Swasta Kecil
Mulia Putri Lestari,Jl. Brigjen Dharsono No. 12C,,Swasta Kecil
Perusahaan Perseroan (Persero) Bank Negara Indonesia,Jalan Perak Timur nomor 490,,Negeri
Tritama Nusantara Haromain,JL. SIRAJUDDIN RANI. NO. 49,,Swasta Kecil
Sejati Jaya Tangerang,Jalan Beringin Raya Nomor 12,,Swasta Kecil
Perkebunan Nusantara Iv,"Gedung Agro Plaza, Jl. HR. Rasuna Said Kavling X2 No. 1",,Swasta Kecil
Rapid Plast Indonesia,"Jl.raya Surabaya -Malang KM.54
Ds.Lemahbang Kec.Sukorejo
Kab.Pasuruan",,Swasta Kecil
Ramayana Lestari Sentosa,"PLAZA TIMIKA, JALAN CENDRAWASIH 66 SP2",,Swasta Kecil
Perusahaan Perseroan (Persero) Bank Negara Indonesia,JL YETRO SINSENG NO 2D,,Negeri
Bni Kantor Cabang Garut,JL CILEDUG NO. 101 KEL. REGOL KEC GARUT KOTA KAB GARUT,,Swasta Kecil
PT Agrinas Palma Nusantara,"Jln. Biru Laut X Kavling 9, Cawang - Jakarta Timur 
Gedung HK Tower Lt. 9",,Swasta Kecil
Coday Megah Sentosa,"Jln. Ahmad Wahid no 172B Kalangan RT.07, Desa Baruretno, Kecamatan Banguntapan, Kabupaten Bantul",,Negeri
PT. Talenthub Digital Indonesia,"Jl. Jenderal Ahmad Yani Gedung Perkantoran Pulo Mas 1 Gedung 6 lt.2 No.4, Desa/Kelurahan Kayu Putih, Kec. Pulogadung, Kota Adm. Jakarta Timur, 
Provinsi DKI Jakarta 13210",,Negeri
Perishable Logistics Indonesia,TAMAN PALEM LESTARI RUKO GALAXY BLOK O2,,Swasta Kecil
Nenggapratama Mobilindo,JALAN KASUARI NO 44 KEL HELEDULAA SELATAN,,Swasta Kecil
Perusahaan Perseroan (Persero) Bank Negara Indonesia,Jl. Roa Malaka Selatan No.23-25,,Negeri
Konsultan Wakaf Indonesia,JALAN KUSUMANEGARA NOMOR 284 B YOGYAKARTA,,Swasta Kecil
Perusahaan Perseroan (Persero) Bank Negara Indonesia,Jl. A. Yani no. 55 Panjunan Kudus,,Negeri
Kantor Cabang Tanjung Priok,"Jl. Samping Stasiun No. 1, Tanjung Priok, Jakarta Utara",,Swasta Kecil
Savali Agung Mulya,JL. HAYAM WURUK NOMOR 31,,Swasta Kecil
Depati Digital Media,"RT. 03, DESA SUNGAI TUTUNG",,Swasta Kecil
Perusahaan Perseroan (Persero) Bank Negara Indonesia,"Jl, Trans Sulawesi Kel Bantaya",,Negeri
Perusahaan Perseroan (Persero) Bank Negara Indonesia,Jl. Kapten Tendean No. 2,,Negeri
PT. Vortex Energy Batam,"Kawasan Industri Tunas Bizpark Blok D No. 16 Batam Center, Batam - Indonesia 29464",,Swasta Besar
Jakarta Intiland,"JL. KH WAHID HASYIM NO. 220 A-B, TANAH ABANG",,Swasta Kecil
Perusahaan Perseroan (Persero) Bank Negara Indonesia,"Jl. Sam Ratulangi No.12, Lingk. III",,Negeri
Perusahaan Perseroan (Persero) Bank Negara Indonesia,"Jl. Kolonel Soetadji, RT. 11 RW. IV, No. 45",,Negeri
Roda Mas Auto Prima,"JL. MEDAN BINJAI KM. 7,8 NO. 297",,Swasta Kecil
Tridharma Adigraha,"JL. W.R. SUPRATMAN 3/4-22 A, SIRIMAU, AMBON",,Swasta Kecil
Salatiga,JL Jendral Sudirman No 3 Salatiga,,Swasta Kecil
Etana Biotechnologies Indonesia,Jl. Rawa Gelam V Blok L Kav 11-13 Kawasan Industri Pulogadung,,Swasta Kecil
Perusahaan Perseroan (Persero) Bank Negara Indonesia,Jl. Imam Bonjol No.40,,Negeri
Bank Muamalat Indonesia,"Jl. AA Wahab Lingkungan Durian Kel. Hepuhulawa, Kec. Limboto Kab. Gorontolo",,Swasta Kecil
Perusahaan Perseroan (Persero) Bank Negara Indonesia,Jl Jend Sudirman No.30,,Negeri
Perusahaan Perseroan (Persero) Bank Negara Indonesia,"JL. Sultan Iskandar Muda Kav V-TA Pondok Pinang Kebayaoran Lama, Jakarta Selatan 12310",,Negeri
PT Bank Negara Indonesia (Persero) Tbk Cabang Biak,JL Ahmad Yani No.14 Kab Biak Numfor,,Negeri
Ramayana Lestari Sentosa,JL. KH. WAHID HASYIM NO.220 A-B,,Swasta Kecil
Perusahaan Perseroan (Persero) Bank Negara Indonesia,kantor cabang Jl. Jend. Sudirman No.3,,Negeri
Perusahaan Perseroan (Persero) Bank Negara Indonesia,"Jl Margonda Raya, No. 48 Kemiri Muka, Kecamatan Beji, Kota Depok, Jawa Barat",,Negeri
Punca Media Digitala,Jalan Tarudan RT 01 RW 00 Bangunharjo  Sewon Bantul   Yogyakarta,,Swasta Kecil
Perusahaan Perseroan (Persero) Bank Negara Indonesia,Jl. Jendral Sudirman No. 22 Kel Kuningan Kec. Kuningan,,Negeri
Perusahaan Perseroan (Persero) Bank Negara Indonesia,Jl. Bupati Tulus No.17 B,,Negeri
PT.bank Negara Indonesia Kantor Cabang Kendari,Jl. DR Moh Hatta No. 69,,Negeri
Bni Kc Cilacap,JALAN A. YANI NO.32 CILACAP,,Swasta Kecil
Bank Syariah Indonesia,"Gedung The Tower, Jl. Gatot Subroto No. 27 Kelurahan Karet Semanggi, Kecamatan Setiabudi,  Jakarta Selatan 12930",,Swasta Kecil
Cybers Global Indonesia,"Jl. Jenderal Ahmad Yani Gedung Perkantoran pulo mas 1 gedung 5 lt 1 no 10, RT.3/RW.13, Kayu Putih, Kec. Pulo Gadung, Kota Jakarta Timur, Daerah Khusus Ibukota Jakarta 13210",,Swasta Kecil
Vocasia Eduka Technology,"Gedung Pusat Perfilman Haji Usmar Ismail (PARFI), Jalan HR Rasuna Said V C22",,Swasta Kecil
Perusahaan Perseroan (Persero) Bank Negara Indonesia,"Jl. Gatot Subroto, No. 5, Kelurahan Mautapaga, Kecamatan Ende Timur",,Negeri
Perusahaan Perseroan (Persero) Bank Negara Indonesia,Jl. R Suprpato no 89,,Negeri
PT Asuransi Jasa Indonesia,"GRAHA JASINDO, JL. MENTENG RAYA NO.21, RW.10, KB. SIRIH, KEC. MENTENG, KOTA JAKARTA PUSAT, DAERAH KHUSUS IBUKOTA JAKARTA",,Swasta Besar
Perusahaan Perseroan (Persero) Bank Negara Indonesia,"Jl. Jend. Sudirman No 120, Kelurahan Gedung Nasional, Kecamatan Taman Sari, Kota Pangkalpinang, Provinsi Kepulauan Bangka Belitung",,Negeri
Ramayana Lestari Sentosa,ROBINSON JATINEGARA (CIPLAZ JATINEGARA) JL MATRAMAN RAYA 173-175,,Swasta Kecil
Sinergi Gula Nusantara,"GRAHA NUSA TIGA, JL. PROKLAMASI NO. 25",,Swasta Kecil
PT Setia Mitra Tritunggal,jl. Colombo no 7 Catur Tunggal Depok Sleman,,Swasta Kecil
Perusahaan Perseroan (Persero) Bank Negara Indonesia,"Jl. Patrice Lumumba I No. 5, Kelurahan Wek IV",,Negeri
Perusahaan Perseroan (Persero) Bank Negara Indonesia,Jl HR Muhammad No 94 Surabaya,,Negeri
Perusahaan Perseroan (Persero) Bank Negara Indonesia,"Jalan Raya Jakarta Bogor Km 43 No 22, Kelurahan Pabuaran, Kecamatan Cibinong, Kabupaten Bogor.",,Negeri
Perusahaan Perseroan (Persero) Bank Negara Indonesia,Jl. Trikora No.20,,Negeri
Sarana Tamarin Power,"Jalan Hang Lekiu Km. 2, Teluk Mata Ikan",,Swasta Kecil
Accelist Lentera Indonesia,"BROOKLYN OFFICE TOWER B LANTAI 7 UNIT P, JL. ALAM SUTERA BOULEVARD",,Swasta Kecil
Perusahaan Perseroan (Persero) Bank Negara Indonesia,Jl. Jababeka Raya Kav A. 1B,,Negeri
PT Pertamina (Persero),Jalan Medan Merdeka Timur No. 1A RT/RW 002/001 Kel. Gambir Kec. Gambir Kta Administrasi Jakarta Pusat,,Swasta Kecil
Puri Dharmawangsa Raya Hotel,"JL.DHARMAWANGSA RAYA NO. 39, KEL. PULO.",,Swasta Kecil
Asuransi Kerugian Jasa Raharja,"GEDUNG JASA RAHARJA, JL.H.R. RASUNA SAID KAV. C NO.2",,Swasta Kecil
Perusahaan Perseroan (Persero) Bank Negara Indonesia,Jl. A Yani No 253 Purworejo,,Negeri
Nusantara Building Industries,"Jl. Raya Semarang Demak km.17, Demak",,Swasta Kecil
Perusahaan Perseroan (Persero) Bank Negara Indonesia,Jl Veteran 142,,Negeri
PT Bank Negara Indonesia (Persero).tbk (Kantor Cabang Palembang),Jl. Jend. Sudirman No.142 Palembang,,Negeri
Perusahaan Perseroan (Persero) Bank Negara Indonesia,Jl. HZ. Mustofa No. 110,,Negeri
Perusahaan Perseroan (Persero) Bank Negara Indonesia,Jl. Usman Binol No. 36,,Negeri
Pacific Place Jakarta,Management Office Pacific Place Mall Level P1 SCBD - Jl. Jendral Sudirman Kav. 52 - 53 Kec. Kebayoran Baru Kel. Senayan - Jakarta Selatan 12190,,Swasta Kecil
Holopis Nusantara Media,"Gedung STC Senayan lantai 2 Ruang 89, Jl.Asia Afrika Pintu IX Gelora Senayan",,Swasta Kecil
Mss Hub Group Indonesia,Jalan Kirana Raya No 40-42,,Swasta Kecil
Perusahaan Perseroan (Persero) Bank Negara Indonesia,"Jl. Pangurakan d/h Jl. Trikora No.1 Ngupasan, Gondomanan, Kota Yogyakarta 55122",,Negeri
Lembaga Pendidikan Ori Computer,JALAN Kemiling Raya,,Negeri
Perusahaan Perseroan (Persero) Bank Negara Indonesia,Jalan Tamansari No 80,,Negeri
PT Bank Negara Indonesia (Persero) Tbk Kantor Cabang Pati,JL. Panglima Sudirman No.55 Pati,,Negeri
PT.pangeran Pekanbaru Hotel,JL.JEND.SUDIRMAN NO 371 - 373 PEKANBARU,,Swasta Kecil
Braja Mukti Cakra,JL.DESA HARAPAN KITA NOMOR 4,,Swasta Kecil
PT Sumber Alfaria Trijaya Tbk,"GEDUNG ALFA TOWER LANTAI 12 ; Jl, Jalur Sutera Barat Kav. 9, Alam Sutera, Kota Tangerang, Banten 15143.",,Swasta Besar
Perusahaan Perseroan (Persero) Bank Negara Indonesia,Jl. Tanjungpura No. 1 Pontianak,,Negeri
PT Aeon Indonesia,"AEON Mall BSD City Unit M-02 Mezzanine Floor, Jl BSD Raya Utama Desa Pagedangan Kab. Tangerang",,Swasta Besar
Mahkota Group,"Komp. Grand Jati Junction Lantai 27, Jl. Perintis Kemerdekaan No. 3-A",,Swasta Kecil
PT Bank Negara Indonesia (Persero) Tbk Cabang Manokwari,JL YOS SUDARSO NO 11 MANOKWARI PAPUA BARAT,,Negeri
Perusahaan Perseroan (Persero) Bank Negara Indonesia,Jl. Kramat Raya No.154-156,,Negeri
Bahari Karimah Soyo Berkah,"GD.GRAHA MAMPANG LT.3 SUITE 305, JL.MAMPANG PRAPATAN RAYA KAV.100",,Swasta Kecil
PT Reasuransi Indonesia Utama (Persero),"Jl. Salemba Raya, No. 30, Kenari, Senen, Kota Jakarta Pusat, DKI Jakarta",,Swasta Besar
Parama Pangan Papua,"Gedung Medco, Jl. Ampera Raya No. 18-20, KEL. Cilandak Timur, Pasar Minggu",,Swasta Kecil
Qodr Bee Berinovasi,Desa Mangunan,,Swasta Kecil
Pupuk Kalimantan Timur,"Jl. James Simandjuntak No. 1 Bontang 75313 Kalimantan Timur, Indonesia",,Swasta Kecil
PT Bank Rakyat Indonesia (Persero) Tbk,Gedung BRI Jl. Jenderal Sudirman Kav.44-46 Jakarta 10210 Indonesia,,Negeri
PT. Kabil Citranusa,KOMPLEKS CITRANUSA NIAGA BLOK B2 NO. 3 JALAN MAS SURYA NEGARA KABIL - BATAM,,Swasta Kecil
Net Visi Media,"MD Place Building, Tower I, 3rd Fl Setiabudi Selatan No. 7 Setiabudi, Jakarta Selatan, DKI Jakarta, 12910",,Swasta Kecil
PT. Kabil Indonusa Estate,"Komplek Citranusa Niaga Blok B2 No. 3, Jalan Mas Surya Negara - Kabil",,Swasta Kecil
